id,university,code,status,issues,evidence_warnings,section_characters,source,note
1,가천대,0000063,확인+입학처,,가군 근거 미확인 / 나군 근거 미확인,3816,https://www.adiga.kr/ucp/uvt/uni/univDetailSelection.do?menuId=PCUVTINF2000&searchSyr=2027&unvCd=0000063,
2,가톨릭대,0000046,확인,,,5784,https://www.adiga.kr/ucp/uvt/uni/univDetailSelection.do?menuId=PCUVTINF2000&searchSyr=2027&unvCd=0000046,
3,강남대,0000051,확인+입학처,,가군 근거 미확인 / 나군 근거 미확인 / 다군 근거 미확인 / 백분위 근거 미확인,7270,https://www.adiga.kr/ucp/uvt/uni/univDetailSelection.do?menuId=PCUVTINF2000&searchSyr=2027&unvCd=0000051,
4,강서대,0000079,확인+입학처,,나군 근거 미확인 / 다군 근거 미확인 / 백분위 근거 미확인,7349,https://www.adiga.kr/ucp/uvt/uni/univDetailSelection.do?menuId=PCUVTINF2000&searchSyr=2027&unvCd=0000079,
5,강원대,0000003,확인+입학처,,가군 근거 미확인 / 나군 근거 미확인 / 백분위 근거 미확인,9007,https://www.adiga.kr/ucp/uvt/uni/univDetailSelection.do?menuId=PCUVTINF2000&searchSyr=2027&unvCd=0000003,
6,강원대(강릉원주대),0000001,확인+입학처,,나군 근거 미확인 / 다군 근거 미확인 / 백분위 근거 미확인 / 한국사 반영 근거 미확인,2634,https://www.adiga.kr/ucp/uvt/uni/univDetailSelection.do?menuId=PCUVTINF2000&searchSyr=2027&unvCd=0000001,
7,건국대,0000052,확인+입학처,,가군 근거 미확인 / 나군 근거 미확인 / 다군 근거 미확인,4657,https://www.adiga.kr/ucp/uvt/uni/univDetailSelection.do?menuId=PCUVTINF2000&searchSyr=2027&unvCd=0000052,
9,경기대,0000056,확인,,,8716,https://www.adiga.kr/ucp/uvt/uni/univDetailSelection.do?menuId=PCUVTINF2000&searchSyr=2027&unvCd=0000056,
10,경동대,0000060,확인,,,3656,https://www.adiga.kr/ucp/uvt/uni/univDetailSelection.do?menuId=PCUVTINF2000&searchSyr=2027&unvCd=0000060,
11,경북대,0000005,확인,,,5053,https://www.adiga.kr/ucp/uvt/uni/univDetailSelection.do?menuId=PCUVTINF2000&searchSyr=2027&unvCd=0000005,
12,경상국립대,0000007,확인+입학처,,가군 근거 미확인 / 나군 근거 미확인 / 다군 근거 미확인,4558,https://www.adiga.kr/ucp/uvt/uni/univDetailSelection.do?menuId=PCUVTINF2000&searchSyr=2027&unvCd=0000007,
13,경희대,0000066,확인,,,4484,https://www.adiga.kr/ucp/uvt/uni/univDetailSelection.do?menuId=PCUVTINF2000&searchSyr=2027&unvCd=0000066,
14,고려대,0000069,확인+입학처,,표준점수 근거 미확인 / 변환표준점수 근거 미확인,4909,https://www.adiga.kr/ucp/uvt/uni/univDetailSelection.do?menuId=PCUVTINF2000&searchSyr=2027&unvCd=0000069,
15,고려대(세종),0000070,확인+입학처,,가군 근거 미확인 / 나군 근거 미확인 / 다군 근거 미확인,6431,https://www.adiga.kr/ucp/uvt/uni/univDetailSelection.do?menuId=PCUVTINF2000&searchSyr=2027&unvCd=0000070,
16,광운대,0000074,확인,,,4711,https://www.adiga.kr/ucp/uvt/uni/univDetailSelection.do?menuId=PCUVTINF2000&searchSyr=2027&unvCd=0000074,
17,공주대,0000008,확인,,,4543,https://www.adiga.kr/ucp/uvt/uni/univDetailSelection.do?menuId=PCUVTINF2000&searchSyr=2027&unvCd=0000008,
18,국민대,0000078,확인,,,4929,https://www.adiga.kr/ucp/uvt/uni/univDetailSelection.do?menuId=PCUVTINF2000&searchSyr=2027&unvCd=0000078,
19,단국대,0000082,확인+입학처,,가군 근거 미확인 / 나군 근거 미확인 / 다군 근거 미확인,4751,https://www.adiga.kr/ucp/uvt/uni/univDetailSelection.do?menuId=PCUVTINF2000&searchSyr=2027&unvCd=0000082,
20,단국대(천안),0002726,확인+입학처,,가군 근거 미확인 / 나군 근거 미확인 / 다군 근거 미확인 / 변환표준점수 근거 미확인,6096,https://www.adiga.kr/ucp/uvt/uni/univDetailSelection.do?menuId=PCUVTINF2000&searchSyr=2027&unvCd=0002726,
21,대진대,0000097,확인+입학처,,가군 근거 미확인 / 나군 근거 미확인 / 다군 근거 미확인,3641,https://www.adiga.kr/ucp/uvt/uni/univDetailSelection.do?menuId=PCUVTINF2000&searchSyr=2027&unvCd=0000097,
22,덕성여대,0000099,확인+입학처,,가군 근거 미확인,4720,https://www.adiga.kr/ucp/uvt/uni/univDetailSelection.do?menuId=PCUVTINF2000&searchSyr=2027&unvCd=0000099,
23,동국대,0000100,확인,,,5092,https://www.adiga.kr/ucp/uvt/uni/univDetailSelection.do?menuId=PCUVTINF2000&searchSyr=2027&unvCd=0000100,
24,동국대(WISE),0000101,확인,,,4965,https://www.adiga.kr/ucp/uvt/uni/univDetailSelection.do?menuId=PCUVTINF2000&searchSyr=2027&unvCd=0000101,
25,동덕여대,0000102,확인+입학처,,가군 근거 미확인 / 나군 근거 미확인,5086,https://www.adiga.kr/ucp/uvt/uni/univDetailSelection.do?menuId=PCUVTINF2000&searchSyr=2027&unvCd=0000102,
26,동양대,0000106,확인+입학처,,가군 근거 미확인 / 나군 근거 미확인 / 다군 근거 미확인,3984,https://www.adiga.kr/ucp/uvt/uni/univDetailSelection.do?menuId=PCUVTINF2000&searchSyr=2027&unvCd=0000106,
27,명지대,0000109,확인,,,4877,https://www.adiga.kr/ucp/uvt/uni/univDetailSelection.do?menuId=PCUVTINF2000&searchSyr=2027&unvCd=0000109,
28,부산대,0000014,확인+입학처,,가군 근거 미확인 / 나군 근거 미확인 / 다군 근거 미확인,5450,https://www.adiga.kr/ucp/uvt/uni/univDetailSelection.do?menuId=PCUVTINF2000&searchSyr=2027&unvCd=0000014,
29,삼육대,0000116,확인+입학처,,가군 근거 미확인 / 나군 근거 미확인 / 다군 근거 미확인,4572,https://www.adiga.kr/ucp/uvt/uni/univDetailSelection.do?menuId=PCUVTINF2000&searchSyr=2027&unvCd=0000116,
30,상명대,0000117,확인+입학처,,나군 근거 미확인,5566,https://www.adiga.kr/ucp/uvt/uni/univDetailSelection.do?menuId=PCUVTINF2000&searchSyr=2027&unvCd=0000117,
31,상명대(천안),0002959,확인+입학처,,가군 근거 미확인 / 나군 근거 미확인,4567,https://www.adiga.kr/ucp/uvt/uni/univDetailSelection.do?menuId=PCUVTINF2000&searchSyr=2027&unvCd=0002959,
32,서강대,0000120,확인,,,4871,https://www.adiga.kr/ucp/uvt/uni/univDetailSelection.do?menuId=PCUVTINF2000&searchSyr=2027&unvCd=0000120,
33,서경대,0000121,확인+입학처,,가군 근거 미확인 / 나군 근거 미확인 / 다군 근거 미확인,5506,https://www.adiga.kr/ucp/uvt/uni/univDetailSelection.do?menuId=PCUVTINF2000&searchSyr=2027&unvCd=0000121,
34,서울과기대,0000036,확인,,,5117,https://www.adiga.kr/ucp/uvt/uni/univDetailSelection.do?menuId=PCUVTINF2000&searchSyr=2027&unvCd=0000036,
35,서울대,0000019,확인+입학처,,나군 근거 미확인,14404,https://www.adiga.kr/ucp/uvt/uni/univDetailSelection.do?menuId=PCUVTINF2000&searchSyr=2027&unvCd=0000019,
36,서울시립대,0000040,확인+입학처,,가군 근거 미확인 / 나군 근거 미확인,4362,https://www.adiga.kr/ucp/uvt/uni/univDetailSelection.do?menuId=PCUVTINF2000&searchSyr=2027&unvCd=0000040,
37,서울여대,0000126,확인+입학처,,가군 근거 미확인 / 나군 근거 미확인 / 다군 근거 미확인 / 백분위 근거 미확인,5218,https://www.adiga.kr/ucp/uvt/uni/univDetailSelection.do?menuId=PCUVTINF2000&searchSyr=2027&unvCd=0000126,
38,성결대,0000131,확인,,,4184,https://www.adiga.kr/ucp/uvt/uni/univDetailSelection.do?menuId=PCUVTINF2000&searchSyr=2027&unvCd=0000131,
39,성공회대,0000132,확인,,,3890,https://www.adiga.kr/ucp/uvt/uni/univDetailSelection.do?menuId=PCUVTINF2000&searchSyr=2027&unvCd=0000132,
40,성균관대,0000133,확인+입학처,,가군 근거 미확인 / 나군 근거 미확인 / 다군 근거 미확인 / 백분위 근거 미확인,4748,https://www.adiga.kr/ucp/uvt/uni/univDetailSelection.do?menuId=PCUVTINF2000&searchSyr=2027&unvCd=0000133,
41,성신여대,0000136,확인+입학처,,가군 근거 미확인 / 나군 근거 미확인 / 다군 근거 미확인,4814,https://www.adiga.kr/ucp/uvt/uni/univDetailSelection.do?menuId=PCUVTINF2000&searchSyr=2027&unvCd=0000136,
42,세종대,0000138,확인,,,5960,https://www.adiga.kr/ucp/uvt/uni/univDetailSelection.do?menuId=PCUVTINF2000&searchSyr=2027&unvCd=0000138,
43,수원대,0000140,확인+입학처,,나군 근거 미확인,4923,https://www.adiga.kr/ucp/uvt/uni/univDetailSelection.do?menuId=PCUVTINF2000&searchSyr=2027&unvCd=0000140,
44,숙명여대,0000141,확인,,,4154,https://www.adiga.kr/ucp/uvt/uni/univDetailSelection.do?menuId=PCUVTINF2000&searchSyr=2027&unvCd=0000141,
45,숭실대,0000143,확인,,,7361,https://www.adiga.kr/ucp/uvt/uni/univDetailSelection.do?menuId=PCUVTINF2000&searchSyr=2027&unvCd=0000143,
46,신한대,0002712,확인+입학처,,가군 근거 미확인 / 나군 근거 미확인 / 다군 근거 미확인,5388,https://www.adiga.kr/ucp/uvt/uni/univDetailSelection.do?menuId=PCUVTINF2000&searchSyr=2027&unvCd=0002712,
47,아주대,0000146,확인+입학처,,변환표준점수 근거 미확인,5033,https://www.adiga.kr/ucp/uvt/uni/univDetailSelection.do?menuId=PCUVTINF2000&searchSyr=2027&unvCd=0000146,
48,안양대,0000147,확인,,,3692,https://www.adiga.kr/ucp/uvt/uni/univDetailSelection.do?menuId=PCUVTINF2000&searchSyr=2027&unvCd=0000147,
49,연세대,0000149,확인+입학처,,변환표준점수 근거 미확인,7136,https://www.adiga.kr/ucp/uvt/uni/univDetailSelection.do?menuId=PCUVTINF2000&searchSyr=2027&unvCd=0000149,
50,연세대(미래),0000150,확인,,,4223,https://www.adiga.kr/ucp/uvt/uni/univDetailSelection.do?menuId=PCUVTINF2000&searchSyr=2027&unvCd=0000150,
51,용인대,0000156,확인+입학처,,나군 근거 미확인 / 한국사 반영 근거 미확인,5055,https://www.adiga.kr/ucp/uvt/uni/univDetailSelection.do?menuId=PCUVTINF2000&searchSyr=2027&unvCd=0000156,
52,을지대,0000161,확인,,,4369,https://www.adiga.kr/ucp/uvt/uni/univDetailSelection.do?menuId=PCUVTINF2000&searchSyr=2027&unvCd=0000161,
53,이화여대,0000163,확인+입학처,,가군 근거 미확인 / 나군 근거 미확인 / 다군 근거 미확인,4610,https://www.adiga.kr/ucp/uvt/uni/univDetailSelection.do?menuId=PCUVTINF2000&searchSyr=2027&unvCd=0000163,
54,인천대,0002660,확인+입학처,,가군 근거 미확인 / 나군 근거 미확인 / 다군 근거 미확인,5786,https://www.adiga.kr/ucp/uvt/uni/univDetailSelection.do?menuId=PCUVTINF2000&searchSyr=2027&unvCd=0002660,
55,인하대,0000169,확인+입학처,,가군 근거 미확인 / 나군 근거 미확인 / 다군 근거 미확인,5138,https://www.adiga.kr/ucp/uvt/uni/univDetailSelection.do?menuId=PCUVTINF2000&searchSyr=2027&unvCd=0000169,
56,전남대,0000023,확인,,,6331,https://www.adiga.kr/ucp/uvt/uni/univDetailSelection.do?menuId=PCUVTINF2000&searchSyr=2027&unvCd=0000023,
57,전북대,0000025,확인,,,6472,https://www.adiga.kr/ucp/uvt/uni/univDetailSelection.do?menuId=PCUVTINF2000&searchSyr=2027&unvCd=0000025,
58,제주대,0000027,확인,,,4707,https://www.adiga.kr/ucp/uvt/uni/univDetailSelection.do?menuId=PCUVTINF2000&searchSyr=2027&unvCd=0000027,
59,중부대,0000173,확인+입학처,,가군 근거 미확인 / 나군 근거 미확인 / 다군 근거 미확인,4673,https://www.adiga.kr/ucp/uvt/uni/univDetailSelection.do?menuId=PCUVTINF2000&searchSyr=2027&unvCd=0000173,
60,중앙대,0000175,확인,,,5270,https://www.adiga.kr/ucp/uvt/uni/univDetailSelection.do?menuId=PCUVTINF2000&searchSyr=2027&unvCd=0000175,
61,차의과학대,0000187,확인+입학처,,나군 근거 미확인,4489,https://www.adiga.kr/ucp/uvt/uni/univDetailSelection.do?menuId=PCUVTINF2000&searchSyr=2027&unvCd=0000187,
62,총신대,0000180,확인+입학처,,가군 근거 미확인,4217,https://www.adiga.kr/ucp/uvt/uni/univDetailSelection.do?menuId=PCUVTINF2000&searchSyr=2027&unvCd=0000180,
63,충남대,0000029,확인+입학처,,가군 근거 미확인 / 나군 근거 미확인,7120,https://www.adiga.kr/ucp/uvt/uni/univDetailSelection.do?menuId=PCUVTINF2000&searchSyr=2027&unvCd=0000029,
64,충북대,0000030,확인+입학처,,가군 근거 미확인 / 나군 근거 미확인 / 다군 근거 미확인 / 한국사 반영 근거 미확인,4309,https://www.adiga.kr/ucp/uvt/uni/univDetailSelection.do?menuId=PCUVTINF2000&searchSyr=2027&unvCd=0000030,
65,평택대,0000186,확인+입학처,,가군 근거 미확인 / 나군 근거 미확인 / 다군 근거 미확인,5433,https://www.adiga.kr/ucp/uvt/uni/univDetailSelection.do?menuId=PCUVTINF2000&searchSyr=2027&unvCd=0000186,
66,한경국립대,0000037,확인+입학처,,다군 근거 미확인,4799,https://www.adiga.kr/ucp/uvt/uni/univDetailSelection.do?menuId=PCUVTINF2000&searchSyr=2027&unvCd=0000037,
67,한국공학대,0000247,확인+입학처,,가군 근거 미확인 / 나군 근거 미확인 / 다군 근거 미확인 / 한국사 반영 근거 미확인,4845,https://www.adiga.kr/ucp/uvt/uni/univDetailSelection.do?menuId=PCUVTINF2000&searchSyr=2027&unvCd=0000247,
68,한국교원대,0000031,확인+입학처,,한국사 반영 근거 미확인,5739,https://www.adiga.kr/ucp/uvt/uni/univDetailSelection.do?menuId=PCUVTINF2000&searchSyr=2027&unvCd=0000031,
69,한국교통대,0000034,확인+입학처,,가군 근거 미확인 / 다군 근거 미확인 / 한국사 반영 근거 미확인,5623,https://www.adiga.kr/ucp/uvt/uni/univDetailSelection.do?menuId=PCUVTINF2000&searchSyr=2027&unvCd=0000034,
70,한국기술교육대,0000189,확인+입학처,,가군 근거 미확인 / 나군 근거 미확인 / 다군 근거 미확인 / 백분위 근거 미확인,4418,https://www.adiga.kr/ucp/uvt/uni/univDetailSelection.do?menuId=PCUVTINF2000&searchSyr=2027&unvCd=0000189,
71,한국성서대,0000191,확인+입학처,,다군 근거 미확인,3894,https://www.adiga.kr/ucp/uvt/uni/univDetailSelection.do?menuId=PCUVTINF2000&searchSyr=2027&unvCd=0000191,
72,한국외국어대,0000192,확인+입학처,,가군 근거 미확인 / 나군 근거 미확인 / 다군 근거 미확인,4376,https://www.adiga.kr/ucp/uvt/uni/univDetailSelection.do?menuId=PCUVTINF2000&searchSyr=2027&unvCd=0000192,
73,한국항공대,0000194,확인+입학처,,가군 근거 미확인 / 나군 근거 미확인 / 다군 근거 미확인,4177,https://www.adiga.kr/ucp/uvt/uni/univDetailSelection.do?menuId=PCUVTINF2000&searchSyr=2027&unvCd=0000194,
74,한림대,0000198,확인+입학처,,가군 근거 미확인 / 나군 근거 미확인 / 다군 근거 미확인,5122,https://www.adiga.kr/ucp/uvt/uni/univDetailSelection.do?menuId=PCUVTINF2000&searchSyr=2027&unvCd=0000198,
75,한성대,0000200,확인+입학처,,가군 근거 미확인 / 나군 근거 미확인 / 다군 근거 미확인 / 백분위 근거 미확인 / 한국사 반영 근거 미확인,5468,https://www.adiga.kr/ucp/uvt/uni/univDetailSelection.do?menuId=PCUVTINF2000&searchSyr=2027&unvCd=0000200,
76,한신대,0000202,확인+입학처,,가군 근거 미확인 / 다군 근거 미확인 / 백분위 근거 미확인,7666,https://www.adiga.kr/ucp/uvt/uni/univDetailSelection.do?menuId=PCUVTINF2000&searchSyr=2027&unvCd=0000202,
77,한양대,0000203,확인,,,6356,https://www.adiga.kr/ucp/uvt/uni/univDetailSelection.do?menuId=PCUVTINF2000&searchSyr=2027&unvCd=0000203,
78,한양대(ERICA),0000204,확인+입학처,,가군 근거 미확인 / 나군 근거 미확인,6848,https://www.adiga.kr/ucp/uvt/uni/univDetailSelection.do?menuId=PCUVTINF2000&searchSyr=2027&unvCd=0000204,
79,협성대,0000207,확인+입학처,,가군 근거 미확인 / 나군 근거 미확인 / 다군 근거 미확인,5064,https://www.adiga.kr/ucp/uvt/uni/univDetailSelection.do?menuId=PCUVTINF2000&searchSyr=2027&unvCd=0000207,
80,홍익대,0000212,확인,,,5560,https://www.adiga.kr/ucp/uvt/uni/univDetailSelection.do?menuId=PCUVTINF2000&searchSyr=2027&unvCd=0000212,
81,홍익대(세종),0000212,확인,,,5560,https://www.adiga.kr/ucp/uvt/uni/univDetailSelection.do?menuId=PCUVTINF2000&searchSyr=2027&unvCd=0000212,
82,화성의과학대,0000233,확인+입학처,,다군 근거 미확인,3916,https://www.adiga.kr/ucp/uvt/uni/univDetailSelection.do?menuId=PCUVTINF2000&searchSyr=2027&unvCd=0000233,
83,경인교대,0000256,확인,,,4539,https://www.adiga.kr/ucp/uvt/uni/univDetailSelection.do?menuId=PCUVTINF2000&searchSyr=2027&unvCd=0000256,
84,공주교대,0000251,확인+입학처,,나군 근거 미확인,4091,https://www.adiga.kr/ucp/uvt/uni/univDetailSelection.do?menuId=PCUVTINF2000&searchSyr=2027&unvCd=0000251,
85,광주교대,0000252,확인+입학처,,나군 근거 미확인,4000,https://www.adiga.kr/ucp/uvt/uni/univDetailSelection.do?menuId=PCUVTINF2000&searchSyr=2027&unvCd=0000252,
86,대구교대,0000253,확인+입학처,,나군 근거 미확인 / 한국사 반영 근거 미확인,3811,https://www.adiga.kr/ucp/uvt/uni/univDetailSelection.do?menuId=PCUVTINF2000&searchSyr=2027&unvCd=0000253,
87,부산교대,0000254,확인,,,4286,https://www.adiga.kr/ucp/uvt/uni/univDetailSelection.do?menuId=PCUVTINF2000&searchSyr=2027&unvCd=0000254,
88,서울교대,0000255,확인+입학처,,나군 근거 미확인 / 한국사 반영 근거 미확인,10071,https://www.adiga.kr/ucp/uvt/uni/univDetailSelection.do?menuId=PCUVTINF2000&searchSyr=2027&unvCd=0000255,
89,전주교대,0000258,확인+입학처,,나군 근거 미확인 / 한국사 반영 근거 미확인,4794,https://www.adiga.kr/ucp/uvt/uni/univDetailSelection.do?menuId=PCUVTINF2000&searchSyr=2027&unvCd=0000258,
90,진주교대,0000260,확인+입학처,,나군 근거 미확인 / 백분위 근거 미확인 / 한국사 반영 근거 미확인,2634,https://www.adiga.kr/ucp/uvt/uni/univDetailSelection.do?menuId=PCUVTINF2000&searchSyr=2027&unvCd=0000260,
91,청주교대,0000261,확인+입학처,,나군 근거 미확인,4748,https://www.adiga.kr/ucp/uvt/uni/univDetailSelection.do?menuId=PCUVTINF2000&searchSyr=2027&unvCd=0000261,
92,춘천교대,0000262,확인+입학처,,나군 근거 미확인 / 표준점수 근거 미확인 / 한국사 반영 근거 미확인,2634,https://www.adiga.kr/ucp/uvt/uni/univDetailSelection.do?menuId=PCUVTINF2000&searchSyr=2027&unvCd=0000262,
93,한국에너지공과대,,공식입학처,,,0,,"대입정보포털 일반대학 평가기준 미제공, 대학 공식 모집요강 대조"
94,DGIST,,공식입학처,,,0,,"대입정보포털 일반대학 평가기준 미제공, 대학 공식 모집요강 대조"
95,GIST,,공식입학처,,,0,,"대입정보포털 일반대학 평가기준 미제공, 대학 공식 모집요강 대조"
96,UNIST,,공식입학처,,,0,,"대입정보포털 일반대학 평가기준 미제공, 대학 공식 모집요강 대조"
97,KAIST,,공식입학처,,,0,,"대입정보포털 일반대학 평가기준 미제공, 대학 공식 모집요강 대조"
98,가톨릭꽃동네대,0000215,확인+입학처,,나군 근거 미확인,3775,https://www.adiga.kr/ucp/uvt/uni/univDetailSelection.do?menuId=PCUVTINF2000&searchSyr=2027&unvCd=0000215,
99,감신대,0000050,확인+입학처,,나군 근거 미확인,3509,https://www.adiga.kr/ucp/uvt/uni/univDetailSelection.do?menuId=PCUVTINF2000&searchSyr=2027&unvCd=0000050,
100,건국대(글),0000053,확인+입학처,,다군 근거 미확인 / 한국사 반영 근거 미확인,4341,https://www.adiga.kr/ucp/uvt/uni/univDetailSelection.do?menuId=PCUVTINF2000&searchSyr=2027&unvCd=0000053,
101,건양대,0000054,확인+입학처,,나군 근거 미확인,5078,https://www.adiga.kr/ucp/uvt/uni/univDetailSelection.do?menuId=PCUVTINF2000&searchSyr=2027&unvCd=0000054,
102,경남대,0000059,확인+입학처,,가군 근거 미확인 / 나군 근거 미확인 / 다군 근거 미확인,4016,https://www.adiga.kr/ucp/uvt/uni/univDetailSelection.do?menuId=PCUVTINF2000&searchSyr=2027&unvCd=0000059,
103,경성대,0000062,확인+입학처,,가군 근거 미확인 / 나군 근거 미확인 / 다군 근거 미확인 / 표준점수 근거 미확인,5728,https://www.adiga.kr/ucp/uvt/uni/univDetailSelection.do?menuId=PCUVTINF2000&searchSyr=2027&unvCd=0000062,
104,경운대,0000244,확인+입학처,,가군 근거 미확인,3668,https://www.adiga.kr/ucp/uvt/uni/univDetailSelection.do?menuId=PCUVTINF2000&searchSyr=2027&unvCd=0000244,
105,경일대,0000064,확인+입학처,,가군 근거 미확인 / 나군 근거 미확인 / 다군 근거 미확인,4074,https://www.adiga.kr/ucp/uvt/uni/univDetailSelection.do?menuId=PCUVTINF2000&searchSyr=2027&unvCd=0000064,
106,계명대,0000068,확인+입학처,,가군 근거 미확인 / 나군 근거 미확인 / 다군 근거 미확인,4039,https://www.adiga.kr/ucp/uvt/uni/univDetailSelection.do?menuId=PCUVTINF2000&searchSyr=2027&unvCd=0000068,
107,고신대,0000071,확인,,,4773,https://www.adiga.kr/ucp/uvt/uni/univDetailSelection.do?menuId=PCUVTINF2000&searchSyr=2027&unvCd=0000071,
108,광주대,0000231,확인+입학처,,가군 근거 미확인 / 다군 근거 미확인 / 백분위 근거 미확인,4627,https://www.adiga.kr/ucp/uvt/uni/univDetailSelection.do?menuId=PCUVTINF2000&searchSyr=2027&unvCd=0000231,
109,광주여대,0000076,확인+입학처,,가군 근거 미확인 / 나군 근거 미확인,5428,https://www.adiga.kr/ucp/uvt/uni/univDetailSelection.do?menuId=PCUVTINF2000&searchSyr=2027&unvCd=0000076,
110,국립경국대,0000021,확인+입학처,,가군 근거 미확인 / 나군 근거 미확인 / 다군 근거 미확인 / 백분위 근거 미확인,6067,https://www.adiga.kr/ucp/uvt/uni/univDetailSelection.do?menuId=PCUVTINF2000&searchSyr=2027&unvCd=0000021,
111,국립군산대,0000009,확인,,,4986,https://www.adiga.kr/ucp/uvt/uni/univDetailSelection.do?menuId=PCUVTINF2000&searchSyr=2027&unvCd=0000009,
112,국립금오공대,0000010,확인+입학처,,가군 근거 미확인 / 나군 근거 미확인 / 다군 근거 미확인 / 백분위 근거 미확인,7239,https://www.adiga.kr/ucp/uvt/uni/univDetailSelection.do?menuId=PCUVTINF2000&searchSyr=2027&unvCd=0000010,
113,국립목포대,0000011,확인+입학처,,가군 근거 미확인 / 다군 근거 미확인 / 한국사 반영 근거 미확인,4530,https://www.adiga.kr/ucp/uvt/uni/univDetailSelection.do?menuId=PCUVTINF2000&searchSyr=2027&unvCd=0000011,
114,국립목포해양대,0000012,확인+입학처,,가군 근거 미확인 / 다군 근거 미확인,4614,https://www.adiga.kr/ucp/uvt/uni/univDetailSelection.do?menuId=PCUVTINF2000&searchSyr=2027&unvCd=0000012,
115,국립부경대,0000013,확인,,,4380,https://www.adiga.kr/ucp/uvt/uni/univDetailSelection.do?menuId=PCUVTINF2000&searchSyr=2027&unvCd=0000013,
116,국립순천대,0000020,확인+입학처,,가군 근거 미확인 / 다군 근거 미확인,4547,https://www.adiga.kr/ucp/uvt/uni/univDetailSelection.do?menuId=PCUVTINF2000&searchSyr=2027&unvCd=0000020,
117,국립창원대,0000028,확인+입학처,,한국사 반영 근거 미확인,5160,https://www.adiga.kr/ucp/uvt/uni/univDetailSelection.do?menuId=PCUVTINF2000&searchSyr=2027&unvCd=0000028,
118,국립한국해양대,0000033,확인+입학처,,가군 근거 미확인 / 다군 근거 미확인,5985,https://www.adiga.kr/ucp/uvt/uni/univDetailSelection.do?menuId=PCUVTINF2000&searchSyr=2027&unvCd=0000033,
119,국립한밭대,0000039,확인,,,4279,https://www.adiga.kr/ucp/uvt/uni/univDetailSelection.do?menuId=PCUVTINF2000&searchSyr=2027&unvCd=0000039,
120,금강대,0000224,확인+입학처,,다군 근거 미확인,3755,https://www.adiga.kr/ucp/uvt/uni/univDetailSelection.do?menuId=PCUVTINF2000&searchSyr=2027&unvCd=0000224,
121,김천대,0000241,확인+입학처,,가군 근거 미확인,4243,https://www.adiga.kr/ucp/uvt/uni/univDetailSelection.do?menuId=PCUVTINF2000&searchSyr=2027&unvCd=0000241,
122,나사렛대,0000081,확인,,,3907,https://www.adiga.kr/ucp/uvt/uni/univDetailSelection.do?menuId=PCUVTINF2000&searchSyr=2027&unvCd=0000081,
123,남부대,0000216,확인+입학처,,가군 근거 미확인 / 나군 근거 미확인,5341,https://www.adiga.kr/ucp/uvt/uni/univDetailSelection.do?menuId=PCUVTINF2000&searchSyr=2027&unvCd=0000216,
124,남서울대,0000245,확인,,,4290,https://www.adiga.kr/ucp/uvt/uni/univDetailSelection.do?menuId=PCUVTINF2000&searchSyr=2027&unvCd=0000245,
125,대구가톨릭대,0000088,확인+입학처,,가군 근거 미확인 / 나군 근거 미확인 / 다군 근거 미확인 / 백분위 근거 미확인 / 표준점수 근거 미확인,8750,https://www.adiga.kr/ucp/uvt/uni/univDetailSelection.do?menuId=PCUVTINF2000&searchSyr=2027&unvCd=0000088,
126,대구대,0000084,확인+입학처,,가군 근거 미확인 / 나군 근거 미확인 / 다군 근거 미확인,4142,https://www.adiga.kr/ucp/uvt/uni/univDetailSelection.do?menuId=PCUVTINF2000&searchSyr=2027&unvCd=0000084,
127,대구한의대,0000061,확인+입학처,,가군 근거 미확인 / 나군 근거 미확인 / 백분위 근거 미확인,5005,https://www.adiga.kr/ucp/uvt/uni/univDetailSelection.do?menuId=PCUVTINF2000&searchSyr=2027&unvCd=0000061,
128,대전대,0000095,확인+입학처,,나군 근거 미확인 / 다군 근거 미확인,5361,https://www.adiga.kr/ucp/uvt/uni/univDetailSelection.do?menuId=PCUVTINF2000&searchSyr=2027&unvCd=0000095,
129,동명대,0000235,확인+입학처,,나군 근거 미확인 / 한국사 반영 근거 미확인,3776,https://www.adiga.kr/ucp/uvt/uni/univDetailSelection.do?menuId=PCUVTINF2000&searchSyr=2027&unvCd=0000235,
130,동서대,0000103,확인,,,4118,https://www.adiga.kr/ucp/uvt/uni/univDetailSelection.do?menuId=PCUVTINF2000&searchSyr=2027&unvCd=0000103,
131,동신대,0000104,확인+입학처,,가군 근거 미확인 / 다군 근거 미확인 / 백분위 근거 미확인,6173,https://www.adiga.kr/ucp/uvt/uni/univDetailSelection.do?menuId=PCUVTINF2000&searchSyr=2027&unvCd=0000104,
132,동아대,0000105,확인+입학처,,가군 근거 미확인 / 나군 근거 미확인 / 다군 근거 미확인 / 표준점수 근거 미확인 / 한국사 반영 근거 미확인,7484,https://www.adiga.kr/ucp/uvt/uni/univDetailSelection.do?menuId=PCUVTINF2000&searchSyr=2027&unvCd=0000105,
133,동의대,0000107,확인,,,4618,https://www.adiga.kr/ucp/uvt/uni/univDetailSelection.do?menuId=PCUVTINF2000&searchSyr=2027&unvCd=0000107,
134,루터대,0000108,확인+입학처,,다군 근거 미확인,3867,https://www.adiga.kr/ucp/uvt/uni/univDetailSelection.do?menuId=PCUVTINF2000&searchSyr=2027&unvCd=0000108,
135,목원대,0000112,확인+입학처,,가군 근거 미확인 / 나군 근거 미확인,4097,https://www.adiga.kr/ucp/uvt/uni/univDetailSelection.do?menuId=PCUVTINF2000&searchSyr=2027&unvCd=0000112,
136,배재대,0000113,확인+입학처,,가군 근거 미확인 / 나군 근거 미확인 / 다군 근거 미확인 / 백분위 근거 미확인 / 영어 반영 근거 미확인 / 한국사 반영 근거 미확인,2634,https://www.adiga.kr/ucp/uvt/uni/univDetailSelection.do?menuId=PCUVTINF2000&searchSyr=2027&unvCd=0000113,
137,백석대,0000178,확인+입학처,,가군 근거 미확인 / 나군 근거 미확인,8567,https://www.adiga.kr/ucp/uvt/uni/univDetailSelection.do?menuId=PCUVTINF2000&searchSyr=2027&unvCd=0000178,
138,부산가톨릭대,0000114,확인+입학처,,가군 근거 미확인 / 나군 근거 미확인 / 다군 근거 미확인,3973,https://www.adiga.kr/ucp/uvt/uni/univDetailSelection.do?menuId=PCUVTINF2000&searchSyr=2027&unvCd=0000114,
139,부산외대,0000115,확인+입학처,,가군 근거 미확인,4343,https://www.adiga.kr/ucp/uvt/uni/univDetailSelection.do?menuId=PCUVTINF2000&searchSyr=2027&unvCd=0000115,
140,상지대,0000119,확인+입학처,,가군 근거 미확인 / 나군 근거 미확인 / 다군 근거 미확인,4178,https://www.adiga.kr/ucp/uvt/uni/univDetailSelection.do?menuId=PCUVTINF2000&searchSyr=2027&unvCd=0000119,
141,서울신학대,0000125,확인+입학처,,가군 근거 미확인 / 나군 근거 미확인 / 다군 근거 미확인,3843,https://www.adiga.kr/ucp/uvt/uni/univDetailSelection.do?menuId=PCUVTINF2000&searchSyr=2027&unvCd=0000125,
142,서울한영대,0000205,확인+입학처,,나군 근거 미확인 / 다군 근거 미확인,3578,https://www.adiga.kr/ucp/uvt/uni/univDetailSelection.do?menuId=PCUVTINF2000&searchSyr=2027&unvCd=0000205,
143,서원대,0000128,확인+입학처,,가군 근거 미확인,5355,https://www.adiga.kr/ucp/uvt/uni/univDetailSelection.do?menuId=PCUVTINF2000&searchSyr=2027&unvCd=0000128,
144,선문대,0000129,확인,,,4704,https://www.adiga.kr/ucp/uvt/uni/univDetailSelection.do?menuId=PCUVTINF2000&searchSyr=2027&unvCd=0000129,
145,세명대,0000137,확인+입학처,,나군 근거 미확인 / 다군 근거 미확인 / 백분위 근거 미확인,6415,https://www.adiga.kr/ucp/uvt/uni/univDetailSelection.do?menuId=PCUVTINF2000&searchSyr=2027&unvCd=0000137,
146,세한대,0000092,확인+입학처,,가군 근거 미확인 / 나군 근거 미확인,3519,https://www.adiga.kr/ucp/uvt/uni/univDetailSelection.do?menuId=PCUVTINF2000&searchSyr=2027&unvCd=0000092,
147,송원대,0000243,확인,,,4917,https://www.adiga.kr/ucp/uvt/uni/univDetailSelection.do?menuId=PCUVTINF2000&searchSyr=2027&unvCd=0000243,
148,순천향대,0000142,확인,,,5234,https://www.adiga.kr/ucp/uvt/uni/univDetailSelection.do?menuId=PCUVTINF2000&searchSyr=2027&unvCd=0000142,
149,신경주대,0000065,확인+입학처,,가군 근거 미확인,3787,https://www.adiga.kr/ucp/uvt/uni/univDetailSelection.do?menuId=PCUVTINF2000&searchSyr=2027&unvCd=0000065,
150,신라대,0000144,확인+입학처,,가군 근거 미확인 / 나군 근거 미확인 / 다군 근거 미확인 / 한국사 반영 근거 미확인,3418,https://www.adiga.kr/ucp/uvt/uni/univDetailSelection.do?menuId=PCUVTINF2000&searchSyr=2027&unvCd=0000144,
151,아신대,0000145,확인+입학처,,나군 근거 미확인,4738,https://www.adiga.kr/ucp/uvt/uni/univDetailSelection.do?menuId=PCUVTINF2000&searchSyr=2027&unvCd=0000145,
152,영남대,0000151,확인+입학처,,가군 근거 미확인 / 나군 근거 미확인 / 다군 근거 미확인,6272,https://www.adiga.kr/ucp/uvt/uni/univDetailSelection.do?menuId=PCUVTINF2000&searchSyr=2027&unvCd=0000151,
153,영산대,0003193,확인+입학처,,다군 근거 미확인 / 표준점수 근거 미확인 / 영어 반영 근거 미확인 / 한국사 반영 근거 미확인,2634,https://www.adiga.kr/ucp/uvt/uni/univDetailSelection.do?menuId=PCUVTINF2000&searchSyr=2027&unvCd=0003193,
154,예수대,0000228,확인+입학처,,다군 근거 미확인,4023,https://www.adiga.kr/ucp/uvt/uni/univDetailSelection.do?menuId=PCUVTINF2000&searchSyr=2027&unvCd=0000228,
155,우석대,0000157,확인+입학처,,나군 근거 미확인 / 다군 근거 미확인,4618,https://www.adiga.kr/ucp/uvt/uni/univDetailSelection.do?menuId=PCUVTINF2000&searchSyr=2027&unvCd=0000157,
156,우송대,0000240,확인+입학처,,가군 근거 미확인 / 나군 근거 미확인 / 다군 근거 미확인,4293,https://www.adiga.kr/ucp/uvt/uni/univDetailSelection.do?menuId=PCUVTINF2000&searchSyr=2027&unvCd=0000240,
157,울산대,0000158,확인+입학처,,가군 근거 미확인 / 나군 근거 미확인 / 다군 근거 미확인,4139,https://www.adiga.kr/ucp/uvt/uni/univDetailSelection.do?menuId=PCUVTINF2000&searchSyr=2027&unvCd=0000158,
158,원광대,0000159,확인+입학처,,가군 근거 미확인 / 나군 근거 미확인 / 다군 근거 미확인 / 변환표준점수 근거 미확인,8252,https://www.adiga.kr/ucp/uvt/uni/univDetailSelection.do?menuId=PCUVTINF2000&searchSyr=2027&unvCd=0000159,
159,위덕대,0000160,확인+입학처,,나군 근거 미확인 / 다군 근거 미확인,3691,https://www.adiga.kr/ucp/uvt/uni/univDetailSelection.do?menuId=PCUVTINF2000&searchSyr=2027&unvCd=0000160,
160,유원대,0000154,확인+입학처,,가군 근거 미확인 / 다군 근거 미확인 / 백분위 근거 미확인 / 한국사 반영 근거 미확인,6414,https://www.adiga.kr/ucp/uvt/uni/univDetailSelection.do?menuId=PCUVTINF2000&searchSyr=2027&unvCd=0000154,
161,인제대,0000164,확인+입학처,,가군 근거 미확인 / 다군 근거 미확인 / 한국사 반영 근거 미확인,3968,https://www.adiga.kr/ucp/uvt/uni/univDetailSelection.do?menuId=PCUVTINF2000&searchSyr=2027&unvCd=0000164,
162,인천가톨릭대,0000168,확인+입학처,,나군 근거 미확인 / 다군 근거 미확인 / 백분위 근거 미확인,4993,https://www.adiga.kr/ucp/uvt/uni/univDetailSelection.do?menuId=PCUVTINF2000&searchSyr=2027&unvCd=0000168,
163,전주대,0000171,확인+입학처,,가군 근거 미확인 / 나군 근거 미확인 / 다군 근거 미확인 / 백분위 근거 미확인,10134,https://www.adiga.kr/ucp/uvt/uni/univDetailSelection.do?menuId=PCUVTINF2000&searchSyr=2027&unvCd=0000171,
164,조선대,0000172,확인+입학처,,다군 근거 미확인,8375,https://www.adiga.kr/ucp/uvt/uni/univDetailSelection.do?menuId=PCUVTINF2000&searchSyr=2027&unvCd=0000172,
165,창신대,0000249,확인+입학처,,가군 근거 미확인,3841,https://www.adiga.kr/ucp/uvt/uni/univDetailSelection.do?menuId=PCUVTINF2000&searchSyr=2027&unvCd=0000249,
166,청운대,0000284,확인+입학처,,가군 근거 미확인,4299,https://www.adiga.kr/ucp/uvt/uni/univDetailSelection.do?menuId=PCUVTINF2000&searchSyr=2027&unvCd=0000284,
167,청주대,0000179,확인+입학처,,가군 근거 미확인 / 나군 근거 미확인 / 다군 근거 미확인 / 백분위 근거 미확인 / 한국사 반영 근거 미확인,6375,https://www.adiga.kr/ucp/uvt/uni/univDetailSelection.do?menuId=PCUVTINF2000&searchSyr=2027&unvCd=0000179,
168,초당대,0000246,확인+입학처,,가군 근거 미확인 / 나군 근거 미확인 / 다군 근거 미확인,3807,https://www.adiga.kr/ucp/uvt/uni/univDetailSelection.do?menuId=PCUVTINF2000&searchSyr=2027&unvCd=0000246,
169,추계예술대,0000181,확인+입학처,,나군 근거 미확인 / 백분위 근거 미확인 / 한국사 반영 근거 미확인,4291,https://www.adiga.kr/ucp/uvt/uni/univDetailSelection.do?menuId=PCUVTINF2000&searchSyr=2027&unvCd=0000181,
170,칼빈대,0000184,확인+입학처,,다군 근거 미확인 / 한국사 반영 근거 미확인,5025,https://www.adiga.kr/ucp/uvt/uni/univDetailSelection.do?menuId=PCUVTINF2000&searchSyr=2027&unvCd=0000184,
171,한국체육대,0000032,확인+입학처,,가군 근거 미확인,4827,https://www.adiga.kr/ucp/uvt/uni/univDetailSelection.do?menuId=PCUVTINF2000&searchSyr=2027&unvCd=0000032,
172,한남대,0000195,확인,,,4083,https://www.adiga.kr/ucp/uvt/uni/univDetailSelection.do?menuId=PCUVTINF2000&searchSyr=2027&unvCd=0000195,
173,한동대,0000196,확인+입학처,,다군 근거 미확인 / 백분위 근거 미확인,4918,https://www.adiga.kr/ucp/uvt/uni/univDetailSelection.do?menuId=PCUVTINF2000&searchSyr=2027&unvCd=0000196,
174,한라대,0000197,확인+입학처,,가군 근거 미확인 / 나군 근거 미확인 / 다군 근거 미확인 / 백분위 근거 미확인,4902,https://www.adiga.kr/ucp/uvt/uni/univDetailSelection.do?menuId=PCUVTINF2000&searchSyr=2027&unvCd=0000197,
175,한서대,0000199,확인+입학처,,가군 근거 미확인 / 나군 근거 미확인 / 다군 근거 미확인,3951,https://www.adiga.kr/ucp/uvt/uni/univDetailSelection.do?menuId=PCUVTINF2000&searchSyr=2027&unvCd=0000199,
176,한세대,0000201,확인,,,4708,https://www.adiga.kr/ucp/uvt/uni/univDetailSelection.do?menuId=PCUVTINF2000&searchSyr=2027&unvCd=0000201,
177,호남대,0000208,확인,,,3731,https://www.adiga.kr/ucp/uvt/uni/univDetailSelection.do?menuId=PCUVTINF2000&searchSyr=2027&unvCd=0000208,
178,호서대,0000211,확인+입학처,,가군 근거 미확인 / 나군 근거 미확인 / 다군 근거 미확인 / 한국사 반영 근거 미확인,4248,https://www.adiga.kr/ucp/uvt/uni/univDetailSelection.do?menuId=PCUVTINF2000&searchSyr=2027&unvCd=0000211,
179,가톨릭관동대,0000072,확인+입학처,,나군 근거 미확인 / 다군 근거 미확인,5098,https://www.adiga.kr/ucp/uvt/uni/univDetailSelection.do?menuId=PCUVTINF2000&searchSyr=2027&unvCd=0000072,
180,가야대,0002748,확인+입학처,,다군 근거 미확인,3862,https://www.adiga.kr/ucp/uvt/uni/univDetailSelection.do?menuId=PCUVTINF2000&searchSyr=2027&unvCd=0002748,
181,극동대,0000080,확인+입학처,,다군 근거 미확인,5644,https://www.adiga.kr/ucp/uvt/uni/univDetailSelection.do?menuId=PCUVTINF2000&searchSyr=2027&unvCd=0000080,
182,목포가톨릭대,0000221,확인,,,3654,https://www.adiga.kr/ucp/uvt/uni/univDetailSelection.do?menuId=PCUVTINF2000&searchSyr=2027&unvCd=0000221,
183,서울기독대,0000098,확인+입학처,,나군 근거 미확인 / 한국사 반영 근거 미확인,4413,https://www.adiga.kr/ucp/uvt/uni/univDetailSelection.do?menuId=PCUVTINF2000&searchSyr=2027&unvCd=0000098,
184,서울장신대,0000127,공식입학처,,,2354,https://www.adiga.kr/ucp/uvt/uni/univDetailSelection.do?menuId=PCUVTINF2000&searchSyr=2027&unvCd=0000127,"대입정보포털 2027 수능위주전형 본문 연도 불일치, 대학 공식 모집요강 우선"
185,장로회신학대,0000170,확인,,,3734,https://www.adiga.kr/ucp/uvt/uni/univDetailSelection.do?menuId=PCUVTINF2000&searchSyr=2027&unvCd=0000170,
186,중원대,0000239,확인+입학처,,가군 근거 미확인,4313,https://www.adiga.kr/ucp/uvt/uni/univDetailSelection.do?menuId=PCUVTINF2000&searchSyr=2027&unvCd=0000239,
187,감리교신학대,0000050,확인,,,3509,https://www.adiga.kr/ucp/uvt/uni/univDetailSelection.do?menuId=PCUVTINF2000&searchSyr=2027&unvCd=0000050,
188,한예종,,공식입학처,,,0,,"대입정보포털 일반대학 평가기준 미제공, 한국예술종합학교 공식 모집요강 대조"
189,수원가톨릭대,0000139,확인,,,4553,https://www.adiga.kr/ucp/uvt/uni/univDetailSelection.do?menuId=PCUVTINF2000&searchSyr=2027&unvCd=0000139,
190,예원예대,0000219,확인+입학처,,등급 근거 미확인,2634,https://www.adiga.kr/ucp/uvt/uni/univDetailSelection.do?menuId=PCUVTINF2000&searchSyr=2027&unvCd=0000219,
191,중앙승가대,0000177,확인,,,2634,https://www.adiga.kr/ucp/uvt/uni/univDetailSelection.do?menuId=PCUVTINF2000&searchSyr=2027&unvCd=0000177,
192,대구예술대,0000087,확인,,,4973,https://www.adiga.kr/ucp/uvt/uni/univDetailSelection.do?menuId=PCUVTINF2000&searchSyr=2027&unvCd=0000087,
193,대신대,0000093,확인,,,6841,https://www.adiga.kr/ucp/uvt/uni/univDetailSelection.do?menuId=PCUVTINF2000&searchSyr=2027&unvCd=0000093,
194,부산장신대,0000222,확인,,,3437,https://www.adiga.kr/ucp/uvt/uni/univDetailSelection.do?menuId=PCUVTINF2000&searchSyr=2027&unvCd=0000222,
195,영남신학대,0000153,확인,,,2634,https://www.adiga.kr/ucp/uvt/uni/univDetailSelection.do?menuId=PCUVTINF2000&searchSyr=2027&unvCd=0000153,
196,POSTECH,0000188,확인,,,2634,https://www.adiga.kr/ucp/uvt/uni/univDetailSelection.do?menuId=PCUVTINF2000&searchSyr=2027&unvCd=0000188,
197,대전가톨릭대,0000094,확인,,,3561,https://www.adiga.kr/ucp/uvt/uni/univDetailSelection.do?menuId=PCUVTINF2000&searchSyr=2027&unvCd=0000094,
198,한국전통문화대,,공식입학처,,,0,,"대입정보포털 일반대학 평가기준 미제공, 한국전통문화대학교 공식 모집요강 대조"
199,한국침례신대,0000182,확인,,,3929,https://www.adiga.kr/ucp/uvt/uni/univDetailSelection.do?menuId=PCUVTINF2000&searchSyr=2027&unvCd=0000182,
200,제주국제대,0000248,확인,,,3705,https://www.adiga.kr/ucp/uvt/uni/univDetailSelection.do?menuId=PCUVTINF2000&searchSyr=2027&unvCd=0000248,
201,광신대,0000073,확인+입학처,,등급 근거 미확인,2634,https://www.adiga.kr/ucp/uvt/uni/univDetailSelection.do?menuId=PCUVTINF2000&searchSyr=2027&unvCd=0000073,
202,영산선학대,0000155,확인,,,3402,https://www.adiga.kr/ucp/uvt/uni/univDetailSelection.do?menuId=PCUVTINF2000&searchSyr=2027&unvCd=0000155,
203,호남신대,0000209,확인,,,4393,https://www.adiga.kr/ucp/uvt/uni/univDetailSelection.do?menuId=PCUVTINF2000&searchSyr=2027&unvCd=0000209,
204,호원대,0000282,확인,,,4122,https://www.adiga.kr/ucp/uvt/uni/univDetailSelection.do?menuId=PCUVTINF2000&searchSyr=2027&unvCd=0000282,
