id,university,status,issues,pages,page_count,source
1,가천대,확인,,"20,21,30,34",44,C:\Users\User\Desktop\업무\작업\21. 정시모집 관련\00. 소스(모집요강)\경기인천강원\2. 경기인천\2027_가천대_정시요강.pdf
2,가톨릭대,확인,,"3,4,27,28",44,C:\Users\User\Desktop\업무\작업\21. 정시모집 관련\00. 소스(모집요강)\경기인천강원\2. 경기인천\2027_가톨릭대_정시요강.pdf
3,강남대,확인,,"3,18,20,26",46,C:\Users\User\Desktop\업무\작업\21. 정시모집 관련\00. 소스(모집요강)\경기인천강원\2. 경기인천\2027_강남대_정시요강.pdf
4,강서대,확인,,"2,4,17",24,C:\Users\User\Desktop\업무\작업\21. 정시모집 관련\00. 소스(모집요강)\서울\2027_강서대_정시요강.pdf
5,강원대,확인,,"2,40,43,44",82,C:\Users\User\Desktop\업무\작업\21. 정시모집 관련\00. 소스(모집요강)\경기인천강원\3. 강원\2027_강원대(춘천삼척)_정시요강.pdf
6,강원대(강릉원주대),확인,,"2,19,27,32",60,C:\Users\User\Desktop\업무\작업\21. 정시모집 관련\00. 소스(모집요강)\경기인천강원\3. 강원\2027_강원대(강릉원주)_정시요강.pdf
7,건국대,확인,,"10,42,43",56,C:\Users\User\Desktop\업무\작업\21. 정시모집 관련\00. 소스(모집요강)\서울\2027_건국대_정시요강.pdf
9,경기대,확인,,"14,19,26,30",66,C:\Users\User\Desktop\업무\작업\21. 정시모집 관련\00. 소스(모집요강)\경기인천강원\2. 경기인천\2027_경기대_정시요강.pdf
10,경동대,확인,,"11,15,19,23",41,C:\Users\User\Desktop\업무\작업\21. 정시모집 관련\00. 소스(모집요강)\경기인천강원\2. 경기인천\2027_경동대_정시요강.pdf
11,경북대,확인,,"2,3,19,34",70,C:\Users\User\Desktop\업무\작업\21. 정시모집 관련\00. 소스(모집요강)\영남제주\6. 영남권\2027_경북대_정시요강.pdf
12,경상국립대,확인,,"22,23,35,40",66,C:\Users\User\Desktop\업무\작업\21. 정시모집 관련\00. 소스(모집요강)\영남제주\6. 영남권\2027_경상국립대_정시요강.pdf
13,경희대,확인,,"25,31,39,43",72,C:\Users\User\Desktop\업무\작업\21. 정시모집 관련\00. 소스(모집요강)\서울\2027_경희대_정시요강.pdf
14,고려대,확인,,"11,17,18",38,C:\Users\User\Desktop\업무\작업\21. 정시모집 관련\00. 소스(모집요강)\서울\2027_고려대_정시요강.pdf
15,고려대(세종),확인,,"3,27,29,31",39,C:\Users\User\Desktop\업무\작업\21. 정시모집 관련\00. 소스(모집요강)\충청호남\4. 충청권\2027_고려대(세)_정시요강.pdf
16,광운대,확인,,"20,23,27,43",48,C:\Users\User\Desktop\업무\작업\21. 정시모집 관련\00. 소스(모집요강)\서울\2027_광운대_정시요강.pdf
17,공주대,확인,,"2,24,37,51",71,C:\Users\User\Desktop\업무\작업\21. 정시모집 관련\00. 소스(모집요강)\충청호남\4. 충청권\2027_국립공주대_정시요강.pdf
18,국민대,확인,,"3,14,23,45",61,C:\Users\User\Desktop\업무\작업\21. 정시모집 관련\00. 소스(모집요강)\서울\2027_국민대_정시요강.pdf
19,단국대,확인,,"30,32,50,66",78,C:\Users\User\Desktop\업무\작업\21. 정시모집 관련\00. 소스(모집요강)\경기인천강원\2. 경기인천\2027_단국대_정시요강.pdf
20,단국대(천안),확인,,"30,32,50,66",78,C:\Users\User\Desktop\업무\작업\21. 정시모집 관련\00. 소스(모집요강)\충청호남\4. 충청권\2027_단국대(천)_정시요강.pdf
21,대진대,확인,,,0,C:\Users\User\Desktop\업무\작업\21. 정시모집 관련\00. 소스(모집요강)\경기인천강원\2. 경기인천\2027_대진대_정시요강.hwp
22,덕성여대,확인,,"6,17,18,19",40,C:\Users\User\Desktop\업무\작업\21. 정시모집 관련\00. 소스(모집요강)\서울\2027_덕성여대_정시요강.pdf
23,동국대,확인,,"19,25,29,39",69,C:\Users\User\Desktop\업무\작업\21. 정시모집 관련\00. 소스(모집요강)\서울\2027_동국대_정시요강.pdf
24,동국대(WISE),확인,,"19,25,29,39",69,C:\Users\User\Desktop\업무\작업\21. 정시모집 관련\00. 소스(모집요강)\서울\2027_동국대_정시요강.pdf
25,동덕여대,확인,,"17,20,25,26",43,C:\Users\User\Desktop\업무\작업\21. 정시모집 관련\00. 소스(모집요강)\서울\2027_동덕여대_정시요강.pdf
26,동양대,확인,,"3,14,18,22",32,C:\Users\User\Desktop\업무\작업\21. 정시모집 관련\00. 소스(모집요강)\경기인천강원\2. 경기인천\2027_동양대_정시요강.pdf
27,명지대,확인,,"17,21,26,29",55,C:\Users\User\Desktop\업무\작업\21. 정시모집 관련\00. 소스(모집요강)\서울\2027_명지대_정시요강.pdf
28,부산대,확인,,"31,32,49,62",75,C:\Users\User\Desktop\업무\작업\21. 정시모집 관련\00. 소스(모집요강)\영남제주\6. 영남권\2027_부산대_정시요강.pdf
29,삼육대,확인,,"2,27,31,37",56,C:\Users\User\Desktop\업무\작업\21. 정시모집 관련\00. 소스(모집요강)\서울\2027_삼육대_정시요강.pdf
30,상명대,확인,,"4,24,27,31",47,C:\Users\User\Desktop\업무\작업\21. 정시모집 관련\00. 소스(모집요강)\서울\2027_상명대(서)_정시요강.pdf
31,상명대(천안),확인,,"16,18,20,22",53,C:\Users\User\Desktop\업무\작업\21. 정시모집 관련\00. 소스(모집요강)\충청호남\4. 충청권\2027_상명대(천)_정시요강.pdf
32,서강대,확인,,"3,19,24,34",49,C:\Users\User\Desktop\업무\작업\21. 정시모집 관련\00. 소스(모집요강)\서울\2027_서강대_정시요강.pdf
33,서경대,확인,,"9,19,31,33",59,C:\Users\User\Desktop\업무\작업\21. 정시모집 관련\00. 소스(모집요강)\서울\2027_서경대_정시요강.pdf
34,서울과기대,확인,,"8,27,29,40",75,C:\Users\User\Desktop\업무\작업\21. 정시모집 관련\00. 소스(모집요강)\서울\2027_서울과기대_정시요강.pdf
35,서울대,확인,,"23,57,58,60",102,C:\Users\User\Desktop\업무\작업\21. 정시모집 관련\00. 소스(모집요강)\서울\2027_서울대_정시요강.pdf
36,서울시립대,확인,,"16,21,26,28",35,C:\Users\User\Desktop\업무\작업\21. 정시모집 관련\00. 소스(모집요강)\서울\2027_서울시립대_정시요강.pdf
37,서울여대,확인,,"3,20,29,33",38,C:\Users\User\Desktop\업무\작업\21. 정시모집 관련\00. 소스(모집요강)\서울\2027_서울여대_정시요강.pdf
38,성결대,확인,,,0,C:\Users\User\Desktop\업무\작업\21. 정시모집 관련\00. 소스(모집요강)\경기인천강원\2. 경기인천\2027_성결대_정시요강.hwp
39,성공회대,확인,,"12,14,20",25,C:\Users\User\Desktop\업무\작업\21. 정시모집 관련\00. 소스(모집요강)\서울\2027_성공회대_정시요강.pdf
40,성균관대,확인,,"26,33,36,41",70,C:\Users\User\Desktop\업무\작업\21. 정시모집 관련\00. 소스(모집요강)\서울\2027_성균관대_정시요강.pdf
41,성신여대,확인,,"20,24,29,44",67,C:\Users\User\Desktop\업무\작업\21. 정시모집 관련\00. 소스(모집요강)\서울\2027_성신여대_정시요강.pdf
42,세종대,확인,,"20,25,29,38",71,C:\Users\User\Desktop\업무\작업\21. 정시모집 관련\00. 소스(모집요강)\서울\2027_세종대_정시요강.pdf
43,수원대,확인,,"3,15,20,21",64,C:\Users\User\Desktop\업무\작업\21. 정시모집 관련\00. 소스(모집요강)\경기인천강원\2. 경기인천\2027_수원대_정시요강.pdf
44,숙명여대,확인,,"16,24,27,41",57,C:\Users\User\Desktop\업무\작업\21. 정시모집 관련\00. 소스(모집요강)\서울\2027_숙명여대_정시요강.pdf
45,숭실대,확인,,"3,46,47,48",67,C:\Users\User\Desktop\업무\작업\21. 정시모집 관련\00. 소스(모집요강)\서울\2027_숭실대_정시요강.pdf
46,신한대,확인,,"16,25,28,52",60,C:\Users\User\Desktop\업무\작업\21. 정시모집 관련\00. 소스(모집요강)\경기인천강원\2. 경기인천\2027_신한대_정시요강.pdf
47,아주대,확인,,"14,16,49,57",67,C:\Users\User\Desktop\업무\작업\21. 정시모집 관련\00. 소스(모집요강)\경기인천강원\2. 경기인천\2027_아주대_정시요강.pdf
48,안양대,확인,,"2,9,12,19",31,C:\Users\User\Desktop\업무\작업\21. 정시모집 관련\00. 소스(모집요강)\경기인천강원\2. 경기인천\2027_안양대_정시요강.pdf
49,연세대,확인,,"6,23,24,25",70,C:\Users\User\Desktop\업무\작업\21. 정시모집 관련\00. 소스(모집요강)\서울\2027_연세대_정시요강.pdf
50,연세대(미래),확인,,"11,13,17,19",36,C:\Users\User\Desktop\업무\작업\21. 정시모집 관련\00. 소스(모집요강)\경기인천강원\3. 강원\2027_연세대(미)_정시요강.pdf
51,용인대,확인,,"2,11,25,28",36,C:\Users\User\Desktop\업무\작업\21. 정시모집 관련\00. 소스(모집요강)\경기인천강원\2. 경기인천\2027_용인대_정시요강.pdf
52,을지대,확인,,"32,33,34,35",60,C:\Users\User\Desktop\업무\작업\21. 정시모집 관련\00. 소스(모집요강)\경기인천강원\2. 경기인천\2027_을지대_정시요강.pdf
53,이화여대,확인,,"13,15,16,19",42,C:\Users\User\Desktop\업무\작업\21. 정시모집 관련\00. 소스(모집요강)\교대\2027_이화여대_정시요강.pdf
54,인천대,확인,,"13,21,24,27",38,C:\Users\User\Desktop\업무\작업\21. 정시모집 관련\00. 소스(모집요강)\경기인천강원\2. 경기인천\2027_인천대_정시요강.pdf
55,인하대,확인,,"2,12,41,42",55,C:\Users\User\Desktop\업무\작업\21. 정시모집 관련\00. 소스(모집요강)\경기인천강원\2. 경기인천\2027_인하대_정시요강.pdf
56,전남대,확인,수동 확인 완료: 2027학년도 표기 미확인 / 가 근거 미확인 / 나 근거 미확인 / 다 근거 미확인 / 표준점수 근거 미확인 / 변환표준점수 근거 미확인,,84,C:\Users\User\Desktop\업무\작업\21. 정시모집 관련\00. 소스(모집요강)\충청호남\5. 호남권\2027_전남대_정시요강.pdf
57,전북대,확인,,"5,42,43,44",97,C:\Users\User\Desktop\업무\작업\21. 정시모집 관련\00. 소스(모집요강)\충청호남\5. 호남권\2027_전북대_정시요강.pdf
58,제주대,확인,,"29,30,39,40",85,C:\Users\User\Desktop\업무\작업\21. 정시모집 관련\00. 소스(모집요강)\영남제주\7. 제주\2027_제주대_정시요강.pdf
59,중부대,확인,,"11,13,15,19",46,C:\Users\User\Desktop\업무\작업\21. 정시모집 관련\00. 소스(모집요강)\경기인천강원\2. 경기인천\2027_중부대_정시요강.pdf
60,중앙대,확인,,"20,24,28,38",80,C:\Users\User\Desktop\업무\작업\21. 정시모집 관련\00. 소스(모집요강)\서울\2027_중앙대_정시요강.pdf
61,차의과학대,확인,,"6,9,11,12",18,C:\Users\User\Desktop\업무\작업\21. 정시모집 관련\00. 소스(모집요강)\경기인천강원\2. 경기인천\2027_차의과대_정시요강.pdf
62,총신대,확인,수동 확인 완료: 2027학년도 표기 미확인,9,21,C:\Users\User\Desktop\업무\작업\21. 정시모집 관련\00. 소스(모집요강)\서울\2027_총신대_정시요강.pdf
63,충남대,확인,,"18,20,34,48",76,C:\Users\User\Desktop\업무\작업\21. 정시모집 관련\00. 소스(모집요강)\충청호남\4. 충청권\2027_충남대_정시요강.pdf
64,충북대,확인,,"19,27,32,40",61,C:\Users\User\Desktop\업무\작업\21. 정시모집 관련\00. 소스(모집요강)\충청호남\4. 충청권\2027_충북대_정시요강.pdf
65,평택대,확인,,35,47,C:\Users\User\Desktop\업무\작업\21. 정시모집 관련\00. 소스(모집요강)\경기인천강원\2. 경기인천\2027_평택대_정시요강.pdf
66,한경국립대,확인,,"4,11,13,33",55,C:\Users\User\Desktop\업무\작업\21. 정시모집 관련\00. 소스(모집요강)\경기인천강원\2. 경기인천\2027_한경국립대_정시요강.pdf
67,한국공학대,확인,,"2,11,25,26",45,C:\Users\User\Desktop\업무\작업\21. 정시모집 관련\00. 소스(모집요강)\경기인천강원\2. 경기인천\2027_한국공학대_정시요강.pdf
68,한국교원대,확인,,"22,23,24,59",62,C:\Users\User\Desktop\업무\작업\21. 정시모집 관련\00. 소스(모집요강)\교대\2027_한국교원대_정시요강.pdf
69,한국교통대,확인,,"2,15,18,40",62,C:\Users\User\Desktop\업무\작업\21. 정시모집 관련\00. 소스(모집요강)\경기인천강원\2. 경기인천\2027_국립한국교통대_정시요강.pdf
70,한국기술교육대,확인,,"3,4,8,9",39,C:\Users\User\Desktop\업무\작업\21. 정시모집 관련\00. 소스(모집요강)\충청호남\4. 충청권\2027_한국기술교대_정시요강.pdf
71,한국성서대,확인,,"2,10",14,C:\Users\User\Desktop\업무\작업\21. 정시모집 관련\00. 소스(모집요강)\서울\2027_한국성서대_정시요강.pdf
72,한국외국어대,확인,,"9,10,12,15",17,C:\Users\User\Desktop\업무\작업\21. 정시모집 관련\00. 소스(모집요강)\서울\2027_한국외대_정시요강.pdf
73,한국항공대,확인,,"4,11,15,19",34,C:\Users\User\Desktop\업무\작업\21. 정시모집 관련\00. 소스(모집요강)\경기인천강원\2. 경기인천\2027_한국항공대_정시요강.pdf
74,한림대,확인,,"23,28,35,44",74,C:\Users\User\Desktop\업무\작업\21. 정시모집 관련\00. 소스(모집요강)\경기인천강원\3. 강원\2027_한림대_정시요강.pdf
75,한성대,확인,,"10,12,13,23",31,C:\Users\User\Desktop\업무\작업\21. 정시모집 관련\00. 소스(모집요강)\서울\2027_한성대_정시요강.pdf
76,한신대,확인,수동 확인 완료: 2027학년도 표기 미확인 / 가 근거 미확인 / 다 근거 미확인 / 백분위 근거 미확인,,40,C:\Users\User\Desktop\업무\작업\21. 정시모집 관련\00. 소스(모집요강)\경기인천강원\2. 경기인천\2027_한신대_정시요강.pdf
77,한양대,확인,,"12,16,26,44",74,C:\Users\User\Desktop\업무\작업\21. 정시모집 관련\00. 소스(모집요강)\서울\2027_한양대(서)_정시요강.pdf
78,한양대(ERICA),확인,,"49,53,59,73",96,C:\Users\User\Desktop\업무\작업\21. 정시모집 관련\00. 소스(모집요강)\경기인천강원\2. 경기인천\2027_한양대(에)_정시요강.pdf
79,협성대,확인,,"2,17,18",28,C:\Users\User\Desktop\업무\작업\21. 정시모집 관련\00. 소스(모집요강)\경기인천강원\2. 경기인천\2027_협성대_정시요강.pdf
80,홍익대,확인,,"34,38,64,70",107,C:\Users\User\Desktop\업무\작업\21. 정시모집 관련\00. 소스(모집요강)\서울\2027_홍익대_정시요강.pdf
81,홍익대(세종),확인,,"34,38,64,70",107,C:\Users\User\Desktop\업무\작업\21. 정시모집 관련\00. 소스(모집요강)\충청호남\4. 충청권\2027_홍익대(세)_정시요강.pdf
82,화성의과학대,확인,,"13,20",34,C:\Users\User\Desktop\업무\작업\21. 정시모집 관련\00. 소스(모집요강)\경기인천강원\2. 경기인천\2027_화성의과학대_정시요강.pdf
83,경인교대,확인,,"13,16,21",28,C:\Users\User\Desktop\업무\작업\21. 정시모집 관련\00. 소스(모집요강)\교대\2027_경인교대_정시요강.pdf
84,공주교대,확인,,"6,7,9,11",32,C:\Users\User\Desktop\업무\작업\21. 정시모집 관련\00. 소스(모집요강)\교대\2027_공주교대_정시요강.pdf
85,광주교대,확인,,"2,12,16,22",30,C:\Users\User\Desktop\업무\작업\21. 정시모집 관련\00. 소스(모집요강)\교대\2027_광주교대_정시요강.pdf
86,대구교대,확인,,"3,9,15,16",25,C:\Users\User\Desktop\업무\작업\21. 정시모집 관련\00. 소스(모집요강)\교대\2027_대구교대_정시요강.pdf
87,부산교대,확인,,"3,7,10,16",29,C:\Users\User\Desktop\업무\작업\21. 정시모집 관련\00. 소스(모집요강)\교대\2027_부산교대_정시요강.pdf
88,서울교대,확인,,5,28,C:\Users\User\Desktop\업무\작업\21. 정시모집 관련\00. 소스(모집요강)\교대\2027_서울교대_정시요강.pdf
89,전주교대,확인,,"8,12,15,18",35,C:\Users\User\Desktop\업무\작업\21. 정시모집 관련\00. 소스(모집요강)\교대\2027_전주교대_정시요강.pdf
90,진주교대,확인,,"3,4,5,21",40,C:\Users\User\Desktop\업무\작업\21. 정시모집 관련\00. 소스(모집요강)\교대\2027_진주교대_정시요강.pdf
91,청주교대,확인,,"2,17,20,30",33,C:\Users\User\Desktop\업무\작업\21. 정시모집 관련\00. 소스(모집요강)\교대\2027_청주교대_정시요강.pdf
92,춘천교대,확인,,"8,9,13,14",25,C:\Users\User\Desktop\업무\작업\21. 정시모집 관련\00. 소스(모집요강)\교대\2027_춘천교대_정시요강.pdf
93,한국에너지공과대,확인,,"55,64,66",89,C:\Users\User\Desktop\업무\작업\21. 정시모집 관련\00. 소스(모집요강)\특수목적대\2027_KENTECH_모집요강.pdf
94,DGIST,확인,수동 확인 완료: 2027학년도 표기 미확인 / 표준점수 근거 미확인 / 변환표준점수 근거 미확인,,37,C:\Users\User\Desktop\업무\작업\21. 정시모집 관련\00. 소스(모집요강)\특수목적대\2027_DGIST_모집요강.pdf
95,GIST,확인,수동 확인 완료: 2027학년도 표기 미확인 / 표준점수 근거 미확인 / 변환표준점수 근거 미확인,,60,C:\Users\User\Desktop\업무\작업\21. 정시모집 관련\00. 소스(모집요강)\특수목적대\2027_GIST_모집요강.pdf
96,UNIST,확인,,61,72,C:\Users\User\Desktop\업무\작업\21. 정시모집 관련\00. 소스(모집요강)\특수목적대\2027_UNIST_모집요강.pdf
97,KAIST,확인,,"28,34",36,C:\Users\User\Desktop\업무\작업\21. 정시모집 관련\00. 소스(모집요강)\특수목적대\2027_KAIST_모집요강.pdf
98,가톨릭꽃동네대,확인,,"2,8,12",27,C:\Users\User\Desktop\업무\작업\21. 정시모집 관련\00. 소스(모집요강)\충청호남\4. 충청권\2027_가톨릭꽃동네대_정시요강.pdf
99,감신대,확인,,10,14,C:\Users\User\Desktop\업무\작업\21. 정시모집 관련\00. 소스(모집요강)\서울\2027_감리교신학대_정시요강.pdf
100,건국대(글),확인,,"3,16,22",33,C:\Users\User\Desktop\업무\작업\21. 정시모집 관련\00. 소스(모집요강)\충청호남\4. 충청권\2027_건국대(글)_정시요강.pdf
101,건양대,확인,,"6,30,43",48,C:\Users\User\Desktop\업무\작업\21. 정시모집 관련\00. 소스(모집요강)\충청호남\4. 충청권\2027_건양대_정시요강.pdf
102,경남대,확인,,"3,26,36",46,C:\Users\User\Desktop\업무\작업\21. 정시모집 관련\00. 소스(모집요강)\영남제주\6. 영남권\2027_경남대_정시요강.pdf
103,경성대,확인,,"15,20,22",52,C:\Users\User\Desktop\업무\작업\21. 정시모집 관련\00. 소스(모집요강)\영남제주\6. 영남권\2027_경성대_정시요강.pdf
104,경운대,확인,,"3,22",28,C:\Users\User\Desktop\업무\작업\21. 정시모집 관련\00. 소스(모집요강)\영남제주\6. 영남권\2027_경운대_정시요강.pdf
105,경일대,확인,,27,37,C:\Users\User\Desktop\업무\작업\21. 정시모집 관련\00. 소스(모집요강)\영남제주\6. 영남권\2027_경일대_정시요강.pdf
106,계명대,확인,,"10,12,14",47,C:\Users\User\Desktop\업무\작업\21. 정시모집 관련\00. 소스(모집요강)\영남제주\6. 영남권\2027_계명대_정시요강.pdf
107,고신대,확인,,"7,10,26",32,C:\Users\User\Desktop\업무\작업\21. 정시모집 관련\00. 소스(모집요강)\영남제주\6. 영남권\2027_고신대_정시요강.pdf
108,광주대,확인,,8,20,C:\Users\User\Desktop\업무\작업\21. 정시모집 관련\00. 소스(모집요강)\충청호남\5. 호남권\2027_광주대_정시요강.pdf
109,광주여대,확인,,"2,11,13",17,C:\Users\User\Desktop\업무\작업\21. 정시모집 관련\00. 소스(모집요강)\충청호남\5. 호남권\2027_광주여대_정시요강.pdf
110,국립경국대,확인,,"3,11,19",44,C:\Users\User\Desktop\업무\작업\21. 정시모집 관련\00. 소스(모집요강)\영남제주\6. 영남권\2027_국립경국대_정시요강.pdf
111,국립군산대,확인,,"3,48,49",74,C:\Users\User\Desktop\업무\작업\21. 정시모집 관련\00. 소스(모집요강)\충청호남\5. 호남권\2027_국립군산대_정시요강.pdf
112,국립금오공대,확인,,"13,16,20",29,C:\Users\User\Desktop\업무\작업\21. 정시모집 관련\00. 소스(모집요강)\영남제주\6. 영남권\2027_국립금오공대_정시요강.pdf
113,국립목포대,확인,,"2,11,12",32,C:\Users\User\Desktop\업무\작업\21. 정시모집 관련\00. 소스(모집요강)\충청호남\5. 호남권\2027_국립목포대_정시요강.pdf
114,국립목포해양대,확인,,"12,21",33,C:\Users\User\Desktop\업무\작업\21. 정시모집 관련\00. 소스(모집요강)\충청호남\5. 호남권\2027_국립목포해양대_정시요강.pdf
115,국립부경대,확인,,"12,23,25",35,C:\Users\User\Desktop\업무\작업\21. 정시모집 관련\00. 소스(모집요강)\영남제주\6. 영남권\2027_국립부경대_정시요강.pdf
116,국립순천대,확인,,"3,35,36",90,C:\Users\User\Desktop\업무\작업\21. 정시모집 관련\00. 소스(모집요강)\충청호남\5. 호남권\2027_국립순천대_정시요강.pdf
117,국립창원대,확인,,"2,15,16",70,C:\Users\User\Desktop\업무\작업\21. 정시모집 관련\00. 소스(모집요강)\영남제주\6. 영남권\2027_국립창원대_정시요강.pdf
118,국립한국해양대,확인,,"2,16,17",31,C:\Users\User\Desktop\업무\작업\21. 정시모집 관련\00. 소스(모집요강)\영남제주\6. 영남권\2027_한국해양대_정시요강.pdf
119,국립한밭대,확인,,"12,15,23",75,C:\Users\User\Desktop\업무\작업\21. 정시모집 관련\00. 소스(모집요강)\충청호남\4. 충청권\2027_국립한밭대_정시요강.pdf
120,금강대,확인,,9,13,C:\Users\User\Desktop\업무\작업\21. 정시모집 관련\00. 소스(모집요강)\충청호남\4. 충청권\2027_금강대_정시요강.pdf
121,김천대,확인,,14,29,C:\Users\User\Desktop\업무\작업\21. 정시모집 관련\00. 소스(모집요강)\영남제주\6. 영남권\2027_김천대_정시요강.pdf
122,나사렛대,확인,,"6,25,43",43,C:\Users\User\Desktop\업무\작업\21. 정시모집 관련\00. 소스(모집요강)\충청호남\4. 충청권\2027_나사렛대_정시요강.pdf
123,남부대,확인,,"3,12,14",19,C:\Users\User\Desktop\업무\작업\21. 정시모집 관련\00. 소스(모집요강)\충청호남\5. 호남권\2027_남부대_정시요강.pdf
124,남서울대,확인,,"9,11,26",38,C:\Users\User\Desktop\업무\작업\21. 정시모집 관련\00. 소스(모집요강)\충청호남\4. 충청권\2027_남서울대_정시요강.pdf
125,대구가톨릭대,확인,,"27,29,39",62,C:\Users\User\Desktop\업무\작업\21. 정시모집 관련\00. 소스(모집요강)\영남제주\6. 영남권\2027_대구가톨릭대_정시요강.pdf
126,대구대,확인,,"4,10,28",36,C:\Users\User\Desktop\업무\작업\21. 정시모집 관련\00. 소스(모집요강)\영남제주\6. 영남권\2027_대구대_정시요강.pdf
127,대구한의대,확인,,"4,16,23",41,C:\Users\User\Desktop\업무\작업\21. 정시모집 관련\00. 소스(모집요강)\영남제주\6. 영남권\2027_대구한의대_정시요강.pdf
128,대전대,확인,,"33,34,38",47,C:\Users\User\Desktop\업무\작업\21. 정시모집 관련\00. 소스(모집요강)\충청호남\4. 충청권\2027_대전대_정시요강.pdf
129,동명대,확인,,"4,19,27",28,C:\Users\User\Desktop\업무\작업\21. 정시모집 관련\00. 소스(모집요강)\영남제주\6. 영남권\2027_동명대_정시요강.pdf
130,동서대,확인,,"1,19",26,C:\Users\User\Desktop\업무\작업\21. 정시모집 관련\00. 소스(모집요강)\영남제주\6. 영남권\2027_동서대_정시요강.pdf
131,동신대,확인,,"2,6,12",18,C:\Users\User\Desktop\업무\작업\21. 정시모집 관련\00. 소스(모집요강)\충청호남\5. 호남권\2027_동신대_정시요강.pdf
132,동아대,확인,,"23,25,27",84,C:\Users\User\Desktop\업무\작업\21. 정시모집 관련\00. 소스(모집요강)\영남제주\6. 영남권\2027_동아대_정시요강.pdf
133,동의대,확인,,"3,7,36",48,C:\Users\User\Desktop\업무\작업\21. 정시모집 관련\00. 소스(모집요강)\영남제주\6. 영남권\2027_동의대_정시요강.pdf
134,루터대,확인,,10,18,C:\Users\User\Desktop\업무\작업\21. 정시모집 관련\00. 소스(모집요강)\경기인천강원\2. 경기인천\2027_루터대_정시요강.pdf
135,목원대,확인,,"2,3,27",36,C:\Users\User\Desktop\업무\작업\21. 정시모집 관련\00. 소스(모집요강)\충청호남\4. 충청권\2027_목원대_정시요강.pdf
136,배재대,확인,,"2,16,32",46,C:\Users\User\Desktop\업무\작업\21. 정시모집 관련\00. 소스(모집요강)\충청호남\4. 충청권\2027_배재대_정시요강.pdf
137,백석대,확인,,"2,8",57,C:\Users\User\Desktop\업무\작업\21. 정시모집 관련\00. 소스(모집요강)\충청호남\4. 충청권\2027_백석대_정시요강.pdf
138,부산가톨릭대,확인,,"5,7,12",12,C:\Users\User\Desktop\업무\작업\21. 정시모집 관련\00. 소스(모집요강)\영남제주\6. 영남권\2027_부산가톨릭대_정시요강.pdf
139,부산외대,확인,,"2,12,13",24,C:\Users\User\Desktop\업무\작업\21. 정시모집 관련\00. 소스(모집요강)\영남제주\6. 영남권\2027_부산외대_정시요강.pdf
140,상지대,확인,,"4,13,14",43,C:\Users\User\Desktop\업무\작업\21. 정시모집 관련\00. 소스(모집요강)\경기인천강원\3. 강원\2027_상지대_정시요강.pdf
141,서울신학대,확인,,"2,3,20",37,C:\Users\User\Desktop\업무\작업\21. 정시모집 관련\00. 소스(모집요강)\경기인천강원\2. 경기인천\2027_서울신학대_정시요강.pdf
142,서울한영대,확인,,6,11,C:\Users\User\Desktop\업무\작업\21. 정시모집 관련\00. 소스(모집요강)\서울\2027_서울한영대_정시요강.pdf
143,서원대,확인,,"17,19,24",85,C:\Users\User\Desktop\업무\작업\21. 정시모집 관련\00. 소스(모집요강)\충청호남\4. 충청권\2027_서원대_정시요강.pdf
144,선문대,확인,,"5,28",40,C:\Users\User\Desktop\업무\작업\21. 정시모집 관련\00. 소스(모집요강)\충청호남\4. 충청권\2027_선문대_정시요강.pdf
145,세명대,확인,,"2,7,28",47,C:\Users\User\Desktop\업무\작업\21. 정시모집 관련\00. 소스(모집요강)\충청호남\4. 충청권\2027_세명대_정시요강.pdf
146,세한대,확인,,"2,3,13",20,C:\Users\User\Desktop\업무\작업\21. 정시모집 관련\00. 소스(모집요강)\충청호남\5. 호남권\2027_세한대_정시요강.pdf
147,송원대,확인,,"2,7,8",11,C:\Users\User\Desktop\업무\작업\21. 정시모집 관련\00. 소스(모집요강)\충청호남\5. 호남권\2027_송원대_정시요강.pdf
148,순천향대,확인,,"14,15,16",56,C:\Users\User\Desktop\업무\작업\21. 정시모집 관련\00. 소스(모집요강)\충청호남\4. 충청권\2027_순천향대_정시요강.pdf
149,신경주대,확인,,"2,15",24,C:\Users\User\Desktop\업무\작업\21. 정시모집 관련\00. 소스(모집요강)\영남제주\6. 영남권\2027_신경주대_정시요강.pdf
150,신라대,확인,,"2,18,19",29,C:\Users\User\Desktop\업무\작업\21. 정시모집 관련\00. 소스(모집요강)\영남제주\6. 영남권\2027_신라대_정시요강.pdf
151,아신대,확인,,14,32,C:\Users\User\Desktop\업무\작업\21. 정시모집 관련\00. 소스(모집요강)\경기인천강원\2. 경기인천\2027_아신대_정시요강.pdf
152,영남대,확인,,"9,13,19",58,C:\Users\User\Desktop\업무\작업\21. 정시모집 관련\00. 소스(모집요강)\영남제주\6. 영남권\2027_영남대_정시요강.pdf
153,영산대,확인,,14,19,C:\Users\User\Desktop\업무\작업\21. 정시모집 관련\00. 소스(모집요강)\영남제주\6. 영남권\2027_영산대_정시요강.pdf
154,예수대,확인,,"7,8",10,C:\Users\User\Desktop\업무\작업\21. 정시모집 관련\00. 소스(모집요강)\충청호남\5. 호남권\2027_예수대_정시요강.pdf
155,우석대,확인,,"2,19,46",61,C:\Users\User\Desktop\업무\작업\21. 정시모집 관련\00. 소스(모집요강)\충청호남\4. 충청권\2027_우석대_정시요강.pdf
156,우송대,확인,,"8,12,18",38,C:\Users\User\Desktop\업무\작업\21. 정시모집 관련\00. 소스(모집요강)\충청호남\4. 충청권\2027_우송대_정시요강.pdf
157,울산대,확인,,"14,21,22",38,C:\Users\User\Desktop\업무\작업\21. 정시모집 관련\00. 소스(모집요강)\영남제주\6. 영남권\2027_울산대_정시요강.pdf
158,원광대,확인,,"20,22,25",55,C:\Users\User\Desktop\업무\작업\21. 정시모집 관련\00. 소스(모집요강)\충청호남\5. 호남권\2027_원광대_정시요강.pdf
159,위덕대,확인,,"2,8,12",20,C:\Users\User\Desktop\업무\작업\21. 정시모집 관련\00. 소스(모집요강)\영남제주\6. 영남권\2027_위덕대_정시요강.pdf
160,유원대,확인,,"2,14,16",28,C:\Users\User\Desktop\업무\작업\21. 정시모집 관련\00. 소스(모집요강)\충청호남\4. 충청권\2027_유원대_정시요강.pdf
161,인제대,확인,,"20,24,28",33,C:\Users\User\Desktop\업무\작업\21. 정시모집 관련\00. 소스(모집요강)\영남제주\6. 영남권\2027_인제대_정시요강.pdf
162,인천가톨릭대,확인,,"2,12,14",38,C:\Users\User\Desktop\업무\작업\21. 정시모집 관련\00. 소스(모집요강)\경기인천강원\2. 경기인천\2027_인천가톨릭대_정시요강.pdf
163,전주대,확인,,"6,20,21",64,C:\Users\User\Desktop\업무\작업\21. 정시모집 관련\00. 소스(모집요강)\충청호남\5. 호남권\2027_전주대_정시요강.pdf
164,조선대,확인,,"36,54,55",79,C:\Users\User\Desktop\업무\작업\21. 정시모집 관련\00. 소스(모집요강)\충청호남\5. 호남권\2027_조선대_정시요강.pdf
165,창신대,확인,,"2,8,10",21,C:\Users\User\Desktop\업무\작업\21. 정시모집 관련\00. 소스(모집요강)\영남제주\6. 영남권\2027_창신대_정시요강.pdf
166,청운대,확인,,"9,30",43,C:\Users\User\Desktop\업무\작업\21. 정시모집 관련\00. 소스(모집요강)\충청호남\4. 충청권\2027_청운대_정시요강.pdf
167,청주대,확인,,"12,13,34",45,C:\Users\User\Desktop\업무\작업\21. 정시모집 관련\00. 소스(모집요강)\충청호남\4. 충청권\2027_청주대_정시요강.pdf
168,초당대,확인,,"2,9,10",16,C:\Users\User\Desktop\업무\작업\21. 정시모집 관련\00. 소스(모집요강)\충청호남\5. 호남권\2027_초당대_정시요강.pdf
169,추계예술대,확인,,"11,13,14",32,C:\Users\User\Desktop\업무\작업\21. 정시모집 관련\00. 소스(모집요강)\서울\2027_추계예대_정시요강.pdf
170,칼빈대,확인,,29,38,C:\Users\User\Desktop\업무\작업\21. 정시모집 관련\00. 소스(모집요강)\경기인천강원\2. 경기인천\2027_칼빈대_정시요강.pdf
171,한국체육대,확인,,"40,43",106,C:\Users\User\Desktop\업무\작업\21. 정시모집 관련\00. 소스(모집요강)\서울\2027_한국체육대_정시요강.pdf
172,한남대,확인,,"20,23,26",52,C:\Users\User\Desktop\업무\작업\21. 정시모집 관련\00. 소스(모집요강)\충청호남\4. 충청권\2027_한남대_정시요강.pdf
173,한동대,확인,,"13,15,16",48,C:\Users\User\Desktop\업무\작업\21. 정시모집 관련\00. 소스(모집요강)\영남제주\6. 영남권\2027_한동대_정시요강.pdf
174,한라대,확인,,"2,3,21",28,C:\Users\User\Desktop\업무\작업\21. 정시모집 관련\00. 소스(모집요강)\경기인천강원\3. 강원\2027_한라대_정시요강.pdf
175,한서대,확인,,9,18,C:\Users\User\Desktop\업무\작업\21. 정시모집 관련\00. 소스(모집요강)\충청호남\4. 충청권\2027_한서대_정시요강.pdf
176,한세대,확인,,"3,20",39,C:\Users\User\Desktop\업무\작업\21. 정시모집 관련\00. 소스(모집요강)\경기인천강원\2. 경기인천\2027_한세대_정시요강.pdf
177,호남대,확인,,"2,3,10",13,C:\Users\User\Desktop\업무\작업\21. 정시모집 관련\00. 소스(모집요강)\충청호남\5. 호남권\2027_호남대_정시요강.pdf
178,호서대,확인,,"2,20",34,C:\Users\User\Desktop\업무\작업\21. 정시모집 관련\00. 소스(모집요강)\충청호남\4. 충청권\2027_호서대_정시요강.pdf
179,가톨릭관동대,확인,,,0,https://ipsi.cku.ac.kr/bbs/iphak/1059/367071/artclView.do
180,가야대,확인,수동 확인 완료: 공식 모집요강 연결 없음,,0,https://ipsi.kaya.ac.kr/Home/Main.mbz
181,극동대,확인,수동 확인 완료: 2027학년도 표기 미확인 / 나 근거 미확인 / 다 근거 미확인 / 백분위 근거 미확인 / 등급 근거 미확인 / 영어 반영 근거 미확인 / 한국사 반영 근거 미확인,"30,31",48,C:\Users\User\Desktop\업무\작업\21. 정시모집 관련\00. 소스(모집요강)\충청호남\4. 충청권\2027_극동대_정시요강.pdf
182,목포가톨릭대,확인,수동 확인 완료: 2027학년도 표기 미확인 / 가 근거 미확인 / 백분위 근거 미확인 / 등급 근거 미확인 / 영어 반영 근거 미확인 / 한국사 반영 근거 미확인,"29,30",35,C:\Users\User\Desktop\업무\작업\21. 정시모집 관련\00. 소스(모집요강)\충청호남\5. 호남권\2027_목포가톨릭대_정시요강.pdf
183,서울기독대,확인,수동 확인 완료: 한국사 반영 근거 미확인,"5,10",42,C:\Users\User\Desktop\업무\작업\21. 정시모집 관련\00. 소스(모집요강)\서울\2027_서울기독대_정시요강.pdf
184,서울장신대,확인,수동 확인 완료: 2027학년도 표기 미확인 / 다 근거 미확인,"17,19",60,C:\Users\User\Desktop\업무\작업\21. 정시모집 관련\00. 소스(모집요강)\경기인천강원\2. 경기인천\2027_서울장신대_모집요강.pdf
185,장로회신학대,확인,,"4,14",21,C:\Users\User\Desktop\업무\작업\21. 정시모집 관련\00. 소스(모집요강)\서울\2027_장로회신대_정시요강.pdf
186,중원대,확인,수동 확인 완료: 공식 모집요강 연결 없음,,0,https://ipsi.jwu.ac.kr/intro
